LU0.No,LU0.Yes,variable
No,Yes,flag_two
  64.63908,2530.36092,Total.area
  0.0000,237.8033,Total.SURVEY_LC1_1A
 20.14752,507.71739,Total.SURVEY_LC1_1B
 32.40305,918.35090,Total.SURVEY_LC1_1C
 0.00000,28.26916,Total.SURVEY_LC1_1D
 12.08851,773.74811,Total.SURVEY_LC1_1E
 0.00000,32.23602,Total.SURVEY_LC1_1F
 0.00000,28.20652,Total.SURVEY_LC1_1G
0.000000,4.029503,Total.SURVEY_LC1_1H
  60.60957,2119.22634,Total.SURVEY_LU1_1U1
 0.00000,16.11801,Total.SURVEY_LU1_1U2
  4.029503,322.443761,Total.SURVEY_LU1_1U3
 0.00000,72.57281,Total.SURVEY_LU1_1U4
 0.00000,64.47205,Total.SURVEY_LC1_2A1
  0.0000,149.1542,Total.SURVEY_LC1_2A2
 0.00000,24.17702,Total.SURVEY_LC1_2A3
  0.0000,318.3307,Total.SURVEY_LC1_2B1
0.000000,8.059006,Total.SURVEY_LC1_2B2
 0.00000,20.14752,Total.SURVEY_LC1_2B3
 0.00000,12.08851,Total.SURVEY_LC1_2B4
  0.0000,124.9146,Total.SURVEY_LC1_2B5
 0.00000,12.08851,Total.SURVEY_LC1_2B7
 0.00000,12.08851,Total.SURVEY_LC1_2B8
20.14752, 0.00000,Total.SURVEY_LC1_2Bx
  0.0000,639.0834,Total.SURVEY_LC1_2C1
 20.25191,174.08289,Total.SURVEY_LC1_2C2
  8.100763,105.184646,Total.SURVEY_LC1_2C3
4.050381,0.000000,Total.SURVEY_LC1_2Cx
 0.00000,20.21015,Total.SURVEY_LC1_2D1
0.000000,8.059006,Total.SURVEY_LC1_2D2
 0.00000,96.74983,Total.SURVEY_LC1_2E1
  8.059006,648.750000,Total.SURVEY_LC1_2E2
 0.00000,28.24828,Total.SURVEY_LC1_2E3
4.029503,0.000000,Total.SURVEY_LC1_2Ex
 0.00000,32.23602,Total.SURVEY_LC1_2F4
 0.00000,12.08851,Total.SURVEY_LC1_2G1
 0.00000,16.11801,Total.SURVEY_LC1_2G2
0.000000,4.029503,Total.SURVEY_LC1_2H1
  28.20652,1245.11646,Total.SURVEY_LU1_2U11
 32.40305,870.08038,Total.SURVEY_LU1_2U12
0.000000,4.029503,Total.SURVEY_LU1_2U14
 0.00000,16.11801,Total.SURVEY_LU1_2U22
  0.0000,133.0154,Total.SURVEY_LU1_2U31
0.000000,8.059006,Total.SURVEY_LU1_2U32
 0.00000,12.10939,Total.SURVEY_LU1_2U33
0.000000,8.059006,Total.SURVEY_LU1_2U34
 0.00000,16.11801,Total.SURVEY_LU1_2U35
 0.00000,52.38354,Total.SURVEY_LU1_2U36
 4.029503,92.699450,Total.SURVEY_LU1_2U37
0.000000,4.029503,Total.SURVEY_LU1_2U41
 0.00000,68.54331,Total.SURVEY_LU1_2U42
 0.00000,48.35404,Total.SURVEY_LC1_3A11
 0.00000,16.11801,Total.SURVEY_LC1_3A12
 0.00000,52.40442,Total.SURVEY_LC1_3A21
 0.00000,96.74983,Total.SURVEY_LC1_3A22
 0.00000,24.17702,Total.SURVEY_LC1_3A30
  0.0000,124.9146,Total.SURVEY_LC1_3B11
0.000000,4.029503,Total.SURVEY_LC1_3B12
 0.00000,40.29503,Total.SURVEY_LC1_3B13
 0.00000,16.11801,Total.SURVEY_LC1_3B14
 0.00000,20.14752,Total.SURVEY_LC1_3B15
  0.0000,108.7966,Total.SURVEY_LC1_3B16
0.000000,4.029503,Total.SURVEY_LC1_3B18
0.000000,8.059006,Total.SURVEY_LC1_3B21
0.000000,4.029503,Total.SURVEY_LC1_3B31
 0.00000,16.11801,Total.SURVEY_LC1_3B32
0.000000,4.029503,Total.SURVEY_LC1_3B41
0.000000,8.059006,Total.SURVEY_LC1_3B43
0.000000,4.029503,Total.SURVEY_LC1_3B51
0.000000,4.029503,Total.SURVEY_LC1_3B52
0.000000,8.059006,Total.SURVEY_LC1_3B53
0.000000,4.029503,Total.SURVEY_LC1_3B54
  0.0000,104.7671,Total.SURVEY_LC1_3B55
0.000000,8.059006,Total.SURVEY_LC1_3B71
0.000000,4.029503,Total.SURVEY_LC1_3B75
 0.00000,12.08851,Total.SURVEY_LC1_3B82
4.029503,0.000000,Total.SURVEY_LC1_3Bx1
16.11801, 0.00000,Total.SURVEY_LC1_3Bxx
  0.0000,639.0834,Total.SURVEY_LC1_3C10
  0.000,153.831,Total.SURVEY_LC1_3C21
0.000000,4.050381,Total.SURVEY_LC1_3C22
 0.00000,16.20153,Total.SURVEY_LC1_3C23
20.25191, 0.00000,Total.SURVEY_LC1_3C2x
 0.00000,40.44118,Total.SURVEY_LC1_3C31
 0.00000,20.23103,Total.SURVEY_LC1_3C32
 0.00000,44.51244,Total.SURVEY_LC1_3C33
8.100763,0.000000,Total.SURVEY_LC1_3C3x
4.050381,0.000000,Total.SURVEY_LC1_3Cxx
 0.00000,20.21015,Total.SURVEY_LC1_3D10
0.000000,8.059006,Total.SURVEY_LC1_3D20
 0.00000,96.74983,Total.SURVEY_LC1_3E10
  0.00,648.75,Total.SURVEY_LC1_3E20
8.059006,0.000000,Total.SURVEY_LC1_3E2x
 0.00000,28.24828,Total.SURVEY_LC1_3E30
4.029503,0.000000,Total.SURVEY_LC1_3Exx
 0.00000,32.23602,Total.SURVEY_LC1_3F40
 0.00000,12.08851,Total.SURVEY_LC1_3G11
 0.00000,16.11801,Total.SURVEY_LC1_3G21
0.000000,4.029503,Total.SURVEY_LC1_3H11
  28.20652,1245.11646,Total.SURVEY_LU1_3U111
 32.40305,870.08038,Total.SURVEY_LU1_3U120
0.000000,4.029503,Total.SURVEY_LU1_3U140
0.000000,4.029503,Total.SURVEY_LU1_3U221
0.000000,4.029503,Total.SURVEY_LU1_3U223
0.000000,8.059006,Total.SURVEY_LU1_3U224
 0.00000,12.08851,Total.SURVEY_LU1_3U311
  0.0000,100.7793,Total.SURVEY_LU1_3U312
0.000000,4.029503,Total.SURVEY_LU1_3U317
 0.00000,16.11801,Total.SURVEY_LU1_3U319
0.000000,8.059006,Total.SURVEY_LU1_3U321
 0.00000,12.10939,Total.SURVEY_LU1_3U330
0.000000,8.059006,Total.SURVEY_LU1_3U341
 0.00000,16.11801,Total.SURVEY_LU1_3U350
 0.00000,28.20652,Total.SURVEY_LU1_3U361
 0.00000,24.17702,Total.SURVEY_LU1_3U362
 4.029503,92.699450,Total.SURVEY_LU1_3U370
0.000000,4.029503,Total.SURVEY_LU1_3U414
 0.00000,68.54331,Total.SURVEY_LU1_3U420
  60.60957,2203.88766,Total.settlement0
  4.029503,326.473265,Total.settlement1
0.006097833,0.494050875,Total.settl_pc
  36.28641,1636.12441,Total.fao_class_name0
 28.35267,870.01774,Total.fao_class_name1
 0.00000,12.13027,Total.fao_class_name2
 0.00000,12.08851,Total.fao_class_name3
  60.60957,2361.10092,Total.lue0
  4.029503,169.260009,Total.lue1
  64.63908,2357.02966,Total.lud0
  0.0000,173.3313,Total.lud1
0.807375,0.807375,SE.Total.area
0.0000000,0.5010509,SE.Total.SURVEY_LC1_1A
0,0,SE.Total.SURVEY_LC1_1B
0.807375,1.177876,SE.Total.SURVEY_LC1_1C
0.0000000,0.5010509,SE.Total.SURVEY_LC1_1D
0.0000000,0.5770392,SE.Total.SURVEY_LC1_1E
0,0,SE.Total.SURVEY_LC1_1F
0,0,SE.Total.SURVEY_LC1_1G
0,0,SE.Total.SURVEY_LC1_1H
0.807375,1.050594,SE.Total.SURVEY_LU1_1U1
0,0,SE.Total.SURVEY_LU1_1U2
0.0000000,0.5770392,SE.Total.SURVEY_LU1_1U3
0.0000000,0.4101815,SE.Total.SURVEY_LU1_1U4
0,0,SE.Total.SURVEY_LC1_2A1
0.0000000,0.5010509,SE.Total.SURVEY_LC1_2A2
0,0,SE.Total.SURVEY_LC1_2A3
0,0,SE.Total.SURVEY_LC1_2B1
0,0,SE.Total.SURVEY_LC1_2B2
0,0,SE.Total.SURVEY_LC1_2B3
0,0,SE.Total.SURVEY_LC1_2B4
0,0,SE.Total.SURVEY_LC1_2B5
0,0,SE.Total.SURVEY_LC1_2B7
0,0,SE.Total.SURVEY_LC1_2B8
0,0,SE.Total.SURVEY_LC1_2Bx
0.000000,1.983439,SE.Total.SURVEY_LC1_2C1
0.6434405,1.6264365,SE.Total.SURVEY_LC1_2C2
0.4101815,1.2344755,SE.Total.SURVEY_LC1_2C3
0.2908004,0.0000000,SE.Total.SURVEY_LC1_2Cx
0.0000000,0.5010509,SE.Total.SURVEY_LC1_2D1
0,0,SE.Total.SURVEY_LC1_2D2
0.0000000,0.4101815,SE.Total.SURVEY_LC1_2E1
0,0,SE.Total.SURVEY_LC1_2E2
0.0000000,0.4101815,SE.Total.SURVEY_LC1_2E3
0,0,SE.Total.SURVEY_LC1_2Ex
0,0,SE.Total.SURVEY_LC1_2F4
0,0,SE.Total.SURVEY_LC1_2G1
0,0,SE.Total.SURVEY_LC1_2G2
0,0,SE.Total.SURVEY_LC1_2H1
0,0,SE.Total.SURVEY_LU1_2U11
0.807375,1.050594,SE.Total.SURVEY_LU1_2U12
0,0,SE.Total.SURVEY_LU1_2U14
0,0,SE.Total.SURVEY_LU1_2U22
0.0000000,0.4101815,SE.Total.SURVEY_LU1_2U31
0,0,SE.Total.SURVEY_LU1_2U32
0.0000000,0.2908004,SE.Total.SURVEY_LU1_2U33
0,0,SE.Total.SURVEY_LU1_2U34
0,0,SE.Total.SURVEY_LU1_2U35
0,0,SE.Total.SURVEY_LU1_2U36
0.0000000,0.2908004,SE.Total.SURVEY_LU1_2U37
0,0,SE.Total.SURVEY_LU1_2U41
0.0000000,0.4101815,SE.Total.SURVEY_LU1_2U42
0,0,SE.Total.SURVEY_LC1_3A11
0,0,SE.Total.SURVEY_LC1_3A12
0.0000000,0.2908004,SE.Total.SURVEY_LC1_3A21
0.0000000,0.4101815,SE.Total.SURVEY_LC1_3A22
0,0,SE.Total.SURVEY_LC1_3A30
0,0,SE.Total.SURVEY_LC1_3B11
0,0,SE.Total.SURVEY_LC1_3B12
0,0,SE.Total.SURVEY_LC1_3B13
0,0,SE.Total.SURVEY_LC1_3B14
0,0,SE.Total.SURVEY_LC1_3B15
0,0,SE.Total.SURVEY_LC1_3B16
0,0,SE.Total.SURVEY_LC1_3B18
0,0,SE.Total.SURVEY_LC1_3B21
0,0,SE.Total.SURVEY_LC1_3B31
0,0,SE.Total.SURVEY_LC1_3B32
0,0,SE.Total.SURVEY_LC1_3B41
0,0,SE.Total.SURVEY_LC1_3B43
0,0,SE.Total.SURVEY_LC1_3B51
0,0,SE.Total.SURVEY_LC1_3B52
0,0,SE.Total.SURVEY_LC1_3B53
0,0,SE.Total.SURVEY_LC1_3B54
0,0,SE.Total.SURVEY_LC1_3B55
0,0,SE.Total.SURVEY_LC1_3B71
0,0,SE.Total.SURVEY_LC1_3B75
0,0,SE.Total.SURVEY_LC1_3B82
0,0,SE.Total.SURVEY_LC1_3Bx1
0,0,SE.Total.SURVEY_LC1_3Bxx
0.000000,1.983439,SE.Total.SURVEY_LC1_3C10
0.000000,1.543059,SE.Total.SURVEY_LC1_3C21
0.0000000,0.2908004,SE.Total.SURVEY_LC1_3C22
0.0000000,0.5770392,SE.Total.SURVEY_LC1_3C23
0.6434405,0.0000000,SE.Total.SURVEY_LC1_3C2x
0.0000000,0.7572686,SE.Total.SURVEY_LC1_3C31
0.0000000,0.5770392,SE.Total.SURVEY_LC1_3C32
0.0000000,0.8540329,SE.Total.SURVEY_LC1_3C33
0.4101815,0.0000000,SE.Total.SURVEY_LC1_3C3x
0.2908004,0.0000000,SE.Total.SURVEY_LC1_3Cxx
0.0000000,0.5010509,SE.Total.SURVEY_LC1_3D10
0,0,SE.Total.SURVEY_LC1_3D20
0.0000000,0.4101815,SE.Total.SURVEY_LC1_3E10
0,0,SE.Total.SURVEY_LC1_3E20
0,0,SE.Total.SURVEY_LC1_3E2x
0.0000000,0.4101815,SE.Total.SURVEY_LC1_3E30
0,0,SE.Total.SURVEY_LC1_3Exx
0,0,SE.Total.SURVEY_LC1_3F40
0,0,SE.Total.SURVEY_LC1_3G11
0,0,SE.Total.SURVEY_LC1_3G21
0,0,SE.Total.SURVEY_LC1_3H11
0,0,SE.Total.SURVEY_LU1_3U111
0.807375,1.050594,SE.Total.SURVEY_LU1_3U120
0,0,SE.Total.SURVEY_LU1_3U140
0,0,SE.Total.SURVEY_LU1_3U221
0,0,SE.Total.SURVEY_LU1_3U223
0,0,SE.Total.SURVEY_LU1_3U224
0,0,SE.Total.SURVEY_LU1_3U311
0.0000000,0.4101815,SE.Total.SURVEY_LU1_3U312
0,0,SE.Total.SURVEY_LU1_3U317
0,0,SE.Total.SURVEY_LU1_3U319
0,0,SE.Total.SURVEY_LU1_3U321
0.0000000,0.2908004,SE.Total.SURVEY_LU1_3U330
0,0,SE.Total.SURVEY_LU1_3U341
0,0,SE.Total.SURVEY_LU1_3U350
0,0,SE.Total.SURVEY_LU1_3U361
0,0,SE.Total.SURVEY_LU1_3U362
0.0000000,0.2908004,SE.Total.SURVEY_LU1_3U370
0,0,SE.Total.SURVEY_LU1_3U414
0.0000000,0.4101815,SE.Total.SURVEY_LU1_3U420
0.8073750,0.9780799,SE.Total.settlement0
0.0000000,0.5770392,SE.Total.settlement1
0.0000000000,0.0008732315,SE.Total.settl_pc
0.2908004,0.7572686,SE.Total.fao_class_name0
0.7572686,1.1479560,SE.Total.fao_class_name1
0.0000000,0.4101815,SE.Total.fao_class_name2
0,0,SE.Total.fao_class_name3
0.8073750,0.8540329,SE.Total.lue0
0.0000000,0.2908004,SE.Total.lue1
0.8073750,0.9390235,SE.Total.lud0
0.0000000,0.5010509,SE.Total.lud1
  63.05665,2528.77850,CI.l(95%).Total.area
  0.0000,236.8213,CI.l(95%).Total.SURVEY_LC1_1A
 20.14752,507.71739,CI.l(95%).Total.SURVEY_LC1_1B
 30.82062,916.04230,CI.l(95%).Total.SURVEY_LC1_1C
 0.00000,27.28711,CI.l(95%).Total.SURVEY_LC1_1D
 12.08851,772.61713,CI.l(95%).Total.SURVEY_LC1_1E
 0.00000,32.23602,CI.l(95%).Total.SURVEY_LC1_1F
 0.00000,28.20652,CI.l(95%).Total.SURVEY_LC1_1G
0.000000,4.029503,CI.l(95%).Total.SURVEY_LC1_1H
  59.02715,2117.16721,CI.l(95%).Total.SURVEY_LU1_1U1
 0.00000,16.11801,CI.l(95%).Total.SURVEY_LU1_1U2
  4.029503,321.312785,CI.l(95%).Total.SURVEY_LU1_1U3
 0.00000,71.76887,CI.l(95%).Total.SURVEY_LU1_1U4
 0.00000,64.47205,CI.l(95%).Total.SURVEY_LC1_2A1
  0.0000,148.1722,CI.l(95%).Total.SURVEY_LC1_2A2
 0.00000,24.17702,CI.l(95%).Total.SURVEY_LC1_2A3
  0.0000,318.3307,CI.l(95%).Total.SURVEY_LC1_2B1
0.000000,8.059006,CI.l(95%).Total.SURVEY_LC1_2B2
 0.00000,20.14752,CI.l(95%).Total.SURVEY_LC1_2B3
 0.00000,12.08851,CI.l(95%).Total.SURVEY_LC1_2B4
  0.0000,124.9146,CI.l(95%).Total.SURVEY_LC1_2B5
 0.00000,12.08851,CI.l(95%).Total.SURVEY_LC1_2B7
 0.00000,12.08851,CI.l(95%).Total.SURVEY_LC1_2B8
20.14752, 0.00000,CI.l(95%).Total.SURVEY_LC1_2Bx
  0.0000,635.1959,CI.l(95%).Total.SURVEY_LC1_2C1
 18.99079,170.89513,CI.l(95%).Total.SURVEY_LC1_2C2
  7.296822,102.765118,CI.l(95%).Total.SURVEY_LC1_2C3
3.480423,0.000000,CI.l(95%).Total.SURVEY_LC1_2Cx
 0.00000,19.22811,CI.l(95%).Total.SURVEY_LC1_2D1
0.000000,8.059006,CI.l(95%).Total.SURVEY_LC1_2D2
 0.00000,95.94589,CI.l(95%).Total.SURVEY_LC1_2E1
  8.059006,648.750000,CI.l(95%).Total.SURVEY_LC1_2E2
 0.00000,27.44434,CI.l(95%).Total.SURVEY_LC1_2E3
4.029503,0.000000,CI.l(95%).Total.SURVEY_LC1_2Ex
 0.00000,32.23602,CI.l(95%).Total.SURVEY_LC1_2F4
 0.00000,12.08851,CI.l(95%).Total.SURVEY_LC1_2G1
 0.00000,16.11801,CI.l(95%).Total.SURVEY_LC1_2G2
0.000000,4.029503,CI.l(95%).Total.SURVEY_LC1_2H1
  28.20652,1245.11646,CI.l(95%).Total.SURVEY_LU1_2U11
 30.82062,868.02125,CI.l(95%).Total.SURVEY_LU1_2U12
0.000000,4.029503,CI.l(95%).Total.SURVEY_LU1_2U14
 0.00000,16.11801,CI.l(95%).Total.SURVEY_LU1_2U22
  0.0000,132.2114,CI.l(95%).Total.SURVEY_LU1_2U31
0.000000,8.059006,CI.l(95%).Total.SURVEY_LU1_2U32
 0.00000,11.53943,CI.l(95%).Total.SURVEY_LU1_2U33
0.000000,8.059006,CI.l(95%).Total.SURVEY_LU1_2U34
 0.00000,16.11801,CI.l(95%).Total.SURVEY_LU1_2U35
 0.00000,52.38354,CI.l(95%).Total.SURVEY_LU1_2U36
 4.029503,92.129491,CI.l(95%).Total.SURVEY_LU1_2U37
0.000000,4.029503,CI.l(95%).Total.SURVEY_LU1_2U41
 0.00000,67.73937,CI.l(95%).Total.SURVEY_LU1_2U42
 0.00000,48.35404,CI.l(95%).Total.SURVEY_LC1_3A11
 0.00000,16.11801,CI.l(95%).Total.SURVEY_LC1_3A12
 0.00000,51.83446,CI.l(95%).Total.SURVEY_LC1_3A21
 0.00000,95.94589,CI.l(95%).Total.SURVEY_LC1_3A22
 0.00000,24.17702,CI.l(95%).Total.SURVEY_LC1_3A30
  0.0000,124.9146,CI.l(95%).Total.SURVEY_LC1_3B11
0.000000,4.029503,CI.l(95%).Total.SURVEY_LC1_3B12
 0.00000,40.29503,CI.l(95%).Total.SURVEY_LC1_3B13
 0.00000,16.11801,CI.l(95%).Total.SURVEY_LC1_3B14
 0.00000,20.14752,CI.l(95%).Total.SURVEY_LC1_3B15
  0.0000,108.7966,CI.l(95%).Total.SURVEY_LC1_3B16
0.000000,4.029503,CI.l(95%).Total.SURVEY_LC1_3B18
0.000000,8.059006,CI.l(95%).Total.SURVEY_LC1_3B21
0.000000,4.029503,CI.l(95%).Total.SURVEY_LC1_3B31
 0.00000,16.11801,CI.l(95%).Total.SURVEY_LC1_3B32
0.000000,4.029503,CI.l(95%).Total.SURVEY_LC1_3B41
0.000000,8.059006,CI.l(95%).Total.SURVEY_LC1_3B43
0.000000,4.029503,CI.l(95%).Total.SURVEY_LC1_3B51
0.000000,4.029503,CI.l(95%).Total.SURVEY_LC1_3B52
0.000000,8.059006,CI.l(95%).Total.SURVEY_LC1_3B53
0.000000,4.029503,CI.l(95%).Total.SURVEY_LC1_3B54
  0.0000,104.7671,CI.l(95%).Total.SURVEY_LC1_3B55
0.000000,8.059006,CI.l(95%).Total.SURVEY_LC1_3B71
0.000000,4.029503,CI.l(95%).Total.SURVEY_LC1_3B75
 0.00000,12.08851,CI.l(95%).Total.SURVEY_LC1_3B82
4.029503,0.000000,CI.l(95%).Total.SURVEY_LC1_3Bx1
16.11801, 0.00000,CI.l(95%).Total.SURVEY_LC1_3Bxx
  0.0000,635.1959,CI.l(95%).Total.SURVEY_LC1_3C10
  0.0000,150.8066,CI.l(95%).Total.SURVEY_LC1_3C21
0.000000,3.480423,CI.l(95%).Total.SURVEY_LC1_3C22
 0.00000,15.07055,CI.l(95%).Total.SURVEY_LC1_3C23
18.99079, 0.00000,CI.l(95%).Total.SURVEY_LC1_3C2x
 0.00000,38.95696,CI.l(95%).Total.SURVEY_LC1_3C31
 0.00000,19.10005,CI.l(95%).Total.SURVEY_LC1_3C32
 0.00000,42.83856,CI.l(95%).Total.SURVEY_LC1_3C33
7.296822,0.000000,CI.l(95%).Total.SURVEY_LC1_3C3x
3.480423,0.000000,CI.l(95%).Total.SURVEY_LC1_3Cxx
 0.00000,19.22811,CI.l(95%).Total.SURVEY_LC1_3D10
0.000000,8.059006,CI.l(95%).Total.SURVEY_LC1_3D20
 0.00000,95.94589,CI.l(95%).Total.SURVEY_LC1_3E10
  0.00,648.75,CI.l(95%).Total.SURVEY_LC1_3E20
8.059006,0.000000,CI.l(95%).Total.SURVEY_LC1_3E2x
 0.00000,27.44434,CI.l(95%).Total.SURVEY_LC1_3E30
4.029503,0.000000,CI.l(95%).Total.SURVEY_LC1_3Exx
 0.00000,32.23602,CI.l(95%).Total.SURVEY_LC1_3F40
 0.00000,12.08851,CI.l(95%).Total.SURVEY_LC1_3G11
 0.00000,16.11801,CI.l(95%).Total.SURVEY_LC1_3G21
0.000000,4.029503,CI.l(95%).Total.SURVEY_LC1_3H11
  28.20652,1245.11646,CI.l(95%).Total.SURVEY_LU1_3U111
 30.82062,868.02125,CI.l(95%).Total.SURVEY_LU1_3U120
0.000000,4.029503,CI.l(95%).Total.SURVEY_LU1_3U140
0.000000,4.029503,CI.l(95%).Total.SURVEY_LU1_3U221
0.000000,4.029503,CI.l(95%).Total.SURVEY_LU1_3U223
0.000000,8.059006,CI.l(95%).Total.SURVEY_LU1_3U224
 0.00000,12.08851,CI.l(95%).Total.SURVEY_LU1_3U311
 0.00000,99.97539,CI.l(95%).Total.SURVEY_LU1_3U312
0.000000,4.029503,CI.l(95%).Total.SURVEY_LU1_3U317
 0.00000,16.11801,CI.l(95%).Total.SURVEY_LU1_3U319
0.000000,8.059006,CI.l(95%).Total.SURVEY_LU1_3U321
 0.00000,11.53943,CI.l(95%).Total.SURVEY_LU1_3U330
0.000000,8.059006,CI.l(95%).Total.SURVEY_LU1_3U341
 0.00000,16.11801,CI.l(95%).Total.SURVEY_LU1_3U350
 0.00000,28.20652,CI.l(95%).Total.SURVEY_LU1_3U361
 0.00000,24.17702,CI.l(95%).Total.SURVEY_LU1_3U362
 4.029503,92.129491,CI.l(95%).Total.SURVEY_LU1_3U370
0.000000,4.029503,CI.l(95%).Total.SURVEY_LU1_3U414
 0.00000,67.73937,CI.l(95%).Total.SURVEY_LU1_3U420
  59.02715,2201.97066,CI.l(95%).Total.settlement0
  4.029503,325.342288,CI.l(95%).Total.settlement1
0.006097833,0.492339373,CI.l(95%).Total.settl_pc
  35.71645,1634.64019,CI.l(95%).Total.fao_class_name0
 26.86845,867.76779,CI.l(95%).Total.fao_class_name1
 0.00000,11.32632,CI.l(95%).Total.fao_class_name2
 0.00000,12.08851,CI.l(95%).Total.fao_class_name3
  59.02715,2359.42704,CI.l(95%).Total.lue0
  4.029503,168.690050,CI.l(95%).Total.lue1
  63.05665,2355.18920,CI.l(95%).Total.lud0
  0.0000,172.3492,CI.l(95%).Total.lud1
  66.2215,2531.9434,CI.u(95%).Total.area
  0.0000,238.7854,CI.u(95%).Total.SURVEY_LC1_1A
 20.14752,507.71739,CI.u(95%).Total.SURVEY_LC1_1B
 33.98548,920.65949,CI.u(95%).Total.SURVEY_LC1_1C
 0.0000,29.2512,CI.u(95%).Total.SURVEY_LC1_1D
 12.08851,774.87909,CI.u(95%).Total.SURVEY_LC1_1E
 0.00000,32.23602,CI.u(95%).Total.SURVEY_LC1_1F
 0.00000,28.20652,CI.u(95%).Total.SURVEY_LC1_1G
0.000000,4.029503,CI.u(95%).Total.SURVEY_LC1_1H
  62.192,2121.285,CI.u(95%).Total.SURVEY_LU1_1U1
 0.00000,16.11801,CI.u(95%).Total.SURVEY_LU1_1U2
  4.029503,323.574738,CI.u(95%).Total.SURVEY_LU1_1U3
 0.00000,73.37675,CI.u(95%).Total.SURVEY_LU1_1U4
 0.00000,64.47205,CI.u(95%).Total.SURVEY_LC1_2A1
  0.0000,150.1363,CI.u(95%).Total.SURVEY_LC1_2A2
 0.00000,24.17702,CI.u(95%).Total.SURVEY_LC1_2A3
  0.0000,318.3307,CI.u(95%).Total.SURVEY_LC1_2B1
0.000000,8.059006,CI.u(95%).Total.SURVEY_LC1_2B2
 0.00000,20.14752,CI.u(95%).Total.SURVEY_LC1_2B3
 0.00000,12.08851,CI.u(95%).Total.SURVEY_LC1_2B4
  0.0000,124.9146,CI.u(95%).Total.SURVEY_LC1_2B5
 0.00000,12.08851,CI.u(95%).Total.SURVEY_LC1_2B7
 0.00000,12.08851,CI.u(95%).Total.SURVEY_LC1_2B8
20.14752, 0.00000,CI.u(95%).Total.SURVEY_LC1_2Bx
  0.0000,642.9708,CI.u(95%).Total.SURVEY_LC1_2C1
 21.51303,177.27064,CI.u(95%).Total.SURVEY_LC1_2C2
  8.904704,107.604173,CI.u(95%).Total.SURVEY_LC1_2C3
4.62034,0.00000,CI.u(95%).Total.SURVEY_LC1_2Cx
 0.00000,21.19219,CI.u(95%).Total.SURVEY_LC1_2D1
0.000000,8.059006,CI.u(95%).Total.SURVEY_LC1_2D2
 0.00000,97.55377,CI.u(95%).Total.SURVEY_LC1_2E1
  8.059006,648.750000,CI.u(95%).Total.SURVEY_LC1_2E2
 0.00000,29.05222,CI.u(95%).Total.SURVEY_LC1_2E3
4.029503,0.000000,CI.u(95%).Total.SURVEY_LC1_2Ex
 0.00000,32.23602,CI.u(95%).Total.SURVEY_LC1_2F4
 0.00000,12.08851,CI.u(95%).Total.SURVEY_LC1_2G1
 0.00000,16.11801,CI.u(95%).Total.SURVEY_LC1_2G2
0.000000,4.029503,CI.u(95%).Total.SURVEY_LC1_2H1
  28.20652,1245.11646,CI.u(95%).Total.SURVEY_LU1_2U11
 33.98548,872.13950,CI.u(95%).Total.SURVEY_LU1_2U12
0.000000,4.029503,CI.u(95%).Total.SURVEY_LU1_2U14
 0.00000,16.11801,CI.u(95%).Total.SURVEY_LU1_2U22
  0.0000,133.8193,CI.u(95%).Total.SURVEY_LU1_2U31
0.000000,8.059006,CI.u(95%).Total.SURVEY_LU1_2U32
 0.00000,12.67935,CI.u(95%).Total.SURVEY_LU1_2U33
0.000000,8.059006,CI.u(95%).Total.SURVEY_LU1_2U34
 0.00000,16.11801,CI.u(95%).Total.SURVEY_LU1_2U35
 0.00000,52.38354,CI.u(95%).Total.SURVEY_LU1_2U36
 4.029503,93.269408,CI.u(95%).Total.SURVEY_LU1_2U37
0.000000,4.029503,CI.u(95%).Total.SURVEY_LU1_2U41
 0.00000,69.34725,CI.u(95%).Total.SURVEY_LU1_2U42
 0.00000,48.35404,CI.u(95%).Total.SURVEY_LC1_3A11
 0.00000,16.11801,CI.u(95%).Total.SURVEY_LC1_3A12
 0.00000,52.97438,CI.u(95%).Total.SURVEY_LC1_3A21
 0.00000,97.55377,CI.u(95%).Total.SURVEY_LC1_3A22
 0.00000,24.17702,CI.u(95%).Total.SURVEY_LC1_3A30
  0.0000,124.9146,CI.u(95%).Total.SURVEY_LC1_3B11
0.000000,4.029503,CI.u(95%).Total.SURVEY_LC1_3B12
 0.00000,40.29503,CI.u(95%).Total.SURVEY_LC1_3B13
 0.00000,16.11801,CI.u(95%).Total.SURVEY_LC1_3B14
 0.00000,20.14752,CI.u(95%).Total.SURVEY_LC1_3B15
  0.0000,108.7966,CI.u(95%).Total.SURVEY_LC1_3B16
0.000000,4.029503,CI.u(95%).Total.SURVEY_LC1_3B18
0.000000,8.059006,CI.u(95%).Total.SURVEY_LC1_3B21
0.000000,4.029503,CI.u(95%).Total.SURVEY_LC1_3B31
 0.00000,16.11801,CI.u(95%).Total.SURVEY_LC1_3B32
0.000000,4.029503,CI.u(95%).Total.SURVEY_LC1_3B41
0.000000,8.059006,CI.u(95%).Total.SURVEY_LC1_3B43
0.000000,4.029503,CI.u(95%).Total.SURVEY_LC1_3B51
0.000000,4.029503,CI.u(95%).Total.SURVEY_LC1_3B52
0.000000,8.059006,CI.u(95%).Total.SURVEY_LC1_3B53
0.000000,4.029503,CI.u(95%).Total.SURVEY_LC1_3B54
  0.0000,104.7671,CI.u(95%).Total.SURVEY_LC1_3B55
0.000000,8.059006,CI.u(95%).Total.SURVEY_LC1_3B71
0.000000,4.029503,CI.u(95%).Total.SURVEY_LC1_3B75
 0.00000,12.08851,CI.u(95%).Total.SURVEY_LC1_3B82
4.029503,0.000000,CI.u(95%).Total.SURVEY_LC1_3Bx1
16.11801, 0.00000,CI.u(95%).Total.SURVEY_LC1_3Bxx
  0.0000,642.9708,CI.u(95%).Total.SURVEY_LC1_3C10
  0.0000,156.8553,CI.u(95%).Total.SURVEY_LC1_3C21
0.00000,4.62034,CI.u(95%).Total.SURVEY_LC1_3C22
 0.0000,17.3325,CI.u(95%).Total.SURVEY_LC1_3C23
21.51303, 0.00000,CI.u(95%).Total.SURVEY_LC1_3C2x
 0.0000,41.9254,CI.u(95%).Total.SURVEY_LC1_3C31
 0.000,21.362,CI.u(95%).Total.SURVEY_LC1_3C32
 0.00000,46.18631,CI.u(95%).Total.SURVEY_LC1_3C33
8.904704,0.000000,CI.u(95%).Total.SURVEY_LC1_3C3x
4.62034,0.00000,CI.u(95%).Total.SURVEY_LC1_3Cxx
 0.00000,21.19219,CI.u(95%).Total.SURVEY_LC1_3D10
0.000000,8.059006,CI.u(95%).Total.SURVEY_LC1_3D20
 0.00000,97.55377,CI.u(95%).Total.SURVEY_LC1_3E10
  0.00,648.75,CI.u(95%).Total.SURVEY_LC1_3E20
8.059006,0.000000,CI.u(95%).Total.SURVEY_LC1_3E2x
 0.00000,29.05222,CI.u(95%).Total.SURVEY_LC1_3E30
4.029503,0.000000,CI.u(95%).Total.SURVEY_LC1_3Exx
 0.00000,32.23602,CI.u(95%).Total.SURVEY_LC1_3F40
 0.00000,12.08851,CI.u(95%).Total.SURVEY_LC1_3G11
 0.00000,16.11801,CI.u(95%).Total.SURVEY_LC1_3G21
0.000000,4.029503,CI.u(95%).Total.SURVEY_LC1_3H11
  28.20652,1245.11646,CI.u(95%).Total.SURVEY_LU1_3U111
 33.98548,872.13950,CI.u(95%).Total.SURVEY_LU1_3U120
0.000000,4.029503,CI.u(95%).Total.SURVEY_LU1_3U140
0.000000,4.029503,CI.u(95%).Total.SURVEY_LU1_3U221
0.000000,4.029503,CI.u(95%).Total.SURVEY_LU1_3U223
0.000000,8.059006,CI.u(95%).Total.SURVEY_LU1_3U224
 0.00000,12.08851,CI.u(95%).Total.SURVEY_LU1_3U311
  0.0000,101.5833,CI.u(95%).Total.SURVEY_LU1_3U312
0.000000,4.029503,CI.u(95%).Total.SURVEY_LU1_3U317
 0.00000,16.11801,CI.u(95%).Total.SURVEY_LU1_3U319
0.000000,8.059006,CI.u(95%).Total.SURVEY_LU1_3U321
 0.00000,12.67935,CI.u(95%).Total.SURVEY_LU1_3U330
0.000000,8.059006,CI.u(95%).Total.SURVEY_LU1_3U341
 0.00000,16.11801,CI.u(95%).Total.SURVEY_LU1_3U350
 0.00000,28.20652,CI.u(95%).Total.SURVEY_LU1_3U361
 0.00000,24.17702,CI.u(95%).Total.SURVEY_LU1_3U362
 4.029503,93.269408,CI.u(95%).Total.SURVEY_LU1_3U370
0.000000,4.029503,CI.u(95%).Total.SURVEY_LU1_3U414
 0.00000,69.34725,CI.u(95%).Total.SURVEY_LU1_3U420
  62.192,2205.805,CI.u(95%).Total.settlement0
  4.029503,327.604241,CI.u(95%).Total.settlement1
0.006097833,0.495762377,CI.u(95%).Total.settl_pc
  36.85636,1637.60863,CI.u(95%).Total.fao_class_name0
 29.83689,872.26769,CI.u(95%).Total.fao_class_name1
 0.00000,12.93421,CI.u(95%).Total.fao_class_name2
 0.00000,12.08851,CI.u(95%).Total.fao_class_name3
  62.192,2362.775,CI.u(95%).Total.lue0
  4.029503,169.829967,CI.u(95%).Total.lue1
  66.2215,2358.8701,CI.u(95%).Total.lud0
  0.0000,174.3133,CI.u(95%).Total.lud1
0.012490510,0.000319075,CV.Total.area
NA,0.002106997,CV.Total.SURVEY_LC1_1A
0,0,CV.Total.SURVEY_LC1_1B
0.024916635,0.001282599,CV.Total.SURVEY_LC1_1C
NA,0.0177243,CV.Total.SURVEY_LC1_1D
0.0000000000,0.0007457714,CV.Total.SURVEY_LC1_1E
NA,  0,CV.Total.SURVEY_LC1_1F
NA,  0,CV.Total.SURVEY_LC1_1G
NA,  0,CV.Total.SURVEY_LC1_1H
0.0133209155,0.0004957442,CV.Total.SURVEY_LU1_1U1
NA,  0,CV.Total.SURVEY_LU1_1U2
0.000000000,0.001789581,CV.Total.SURVEY_LU1_1U3
NA,0.005652,CV.Total.SURVEY_LU1_1U4
NA,  0,CV.Total.SURVEY_LC1_2A1
NA,0.00335928,CV.Total.SURVEY_LC1_2A2
NA,  0,CV.Total.SURVEY_LC1_2A3
NA,  0,CV.Total.SURVEY_LC1_2B1
NA,  0,CV.Total.SURVEY_LC1_2B2
NA,  0,CV.Total.SURVEY_LC1_2B3
NA,  0,CV.Total.SURVEY_LC1_2B4
NA,  0,CV.Total.SURVEY_LC1_2B5
NA,  0,CV.Total.SURVEY_LC1_2B7
NA,  0,CV.Total.SURVEY_LC1_2B8
  0,NA,CV.Total.SURVEY_LC1_2Bx
NA,0.003103568,CV.Total.SURVEY_LC1_2C1
0.031771846,0.009342885,CV.Total.SURVEY_LC1_2C2
0.05063493,0.01173627,CV.Total.SURVEY_LC1_2C3
0.07179582,NA,CV.Total.SURVEY_LC1_2Cx
NA,0.02479204,CV.Total.SURVEY_LC1_2D1
NA,  0,CV.Total.SURVEY_LC1_2D2
NA,0.00423961,CV.Total.SURVEY_LC1_2E1
0,0,CV.Total.SURVEY_LC1_2E2
NA,0.01452059,CV.Total.SURVEY_LC1_2E3
  0,NA,CV.Total.SURVEY_LC1_2Ex
NA,  0,CV.Total.SURVEY_LC1_2F4
NA,  0,CV.Total.SURVEY_LC1_2G1
NA,  0,CV.Total.SURVEY_LC1_2G2
NA,  0,CV.Total.SURVEY_LC1_2H1
0,0,CV.Total.SURVEY_LU1_2U11
0.024916635,0.001207468,CV.Total.SURVEY_LU1_2U12
NA,  0,CV.Total.SURVEY_LU1_2U14
NA,  0,CV.Total.SURVEY_LU1_2U22
NA,0.003083716,CV.Total.SURVEY_LU1_2U31
NA,  0,CV.Total.SURVEY_LU1_2U32
NA,0.02401446,CV.Total.SURVEY_LU1_2U33
NA,  0,CV.Total.SURVEY_LU1_2U34
NA,  0,CV.Total.SURVEY_LU1_2U35
NA,  0,CV.Total.SURVEY_LU1_2U36
0.000000000,0.003137024,CV.Total.SURVEY_LU1_2U37
NA,  0,CV.Total.SURVEY_LU1_2U41
NA,0.005984268,CV.Total.SURVEY_LU1_2U42
NA,  0,CV.Total.SURVEY_LC1_3A11
NA,  0,CV.Total.SURVEY_LC1_3A12
NA,0.005549159,CV.Total.SURVEY_LC1_3A21
NA,0.00423961,CV.Total.SURVEY_LC1_3A22
NA,  0,CV.Total.SURVEY_LC1_3A30
NA,  0,CV.Total.SURVEY_LC1_3B11
NA,  0,CV.Total.SURVEY_LC1_3B12
NA,  0,CV.Total.SURVEY_LC1_3B13
NA,  0,CV.Total.SURVEY_LC1_3B14
NA,  0,CV.Total.SURVEY_LC1_3B15
NA,  0,CV.Total.SURVEY_LC1_3B16
NA,  0,CV.Total.SURVEY_LC1_3B18
NA,  0,CV.Total.SURVEY_LC1_3B21
NA,  0,CV.Total.SURVEY_LC1_3B31
NA,  0,CV.Total.SURVEY_LC1_3B32
NA,  0,CV.Total.SURVEY_LC1_3B41
NA,  0,CV.Total.SURVEY_LC1_3B43
NA,  0,CV.Total.SURVEY_LC1_3B51
NA,  0,CV.Total.SURVEY_LC1_3B52
NA,  0,CV.Total.SURVEY_LC1_3B53
NA,  0,CV.Total.SURVEY_LC1_3B54
NA,  0,CV.Total.SURVEY_LC1_3B55
NA,  0,CV.Total.SURVEY_LC1_3B71
NA,  0,CV.Total.SURVEY_LC1_3B75
NA,  0,CV.Total.SURVEY_LC1_3B82
  0,NA,CV.Total.SURVEY_LC1_3Bx1
  0,NA,CV.Total.SURVEY_LC1_3Bxx
NA,0.003103568,CV.Total.SURVEY_LC1_3C10
NA,0.01003087,CV.Total.SURVEY_LC1_3C21
NA,0.07179582,CV.Total.SURVEY_LC1_3C22
NA,0.03561635,CV.Total.SURVEY_LC1_3C23
0.03177185,NA,CV.Total.SURVEY_LC1_3C2x
NA,0.01872519,CV.Total.SURVEY_LC1_3C31
NA,0.02852249,CV.Total.SURVEY_LC1_3C32
NA,0.01918639,CV.Total.SURVEY_LC1_3C33
0.05063493,NA,CV.Total.SURVEY_LC1_3C3x
0.07179582,NA,CV.Total.SURVEY_LC1_3Cxx
NA,0.02479204,CV.Total.SURVEY_LC1_3D10
NA,  0,CV.Total.SURVEY_LC1_3D20
NA,0.00423961,CV.Total.SURVEY_LC1_3E10
NA,  0,CV.Total.SURVEY_LC1_3E20
  0,NA,CV.Total.SURVEY_LC1_3E2x
NA,0.01452059,CV.Total.SURVEY_LC1_3E30
  0,NA,CV.Total.SURVEY_LC1_3Exx
NA,  0,CV.Total.SURVEY_LC1_3F40
NA,  0,CV.Total.SURVEY_LC1_3G11
NA,  0,CV.Total.SURVEY_LC1_3G21
NA,  0,CV.Total.SURVEY_LC1_3H11
0,0,CV.Total.SURVEY_LU1_3U111
0.024916635,0.001207468,CV.Total.SURVEY_LU1_3U120
NA,  0,CV.Total.SURVEY_LU1_3U140
NA,  0,CV.Total.SURVEY_LU1_3U221
NA,  0,CV.Total.SURVEY_LU1_3U223
NA,  0,CV.Total.SURVEY_LU1_3U224
NA,  0,CV.Total.SURVEY_LU1_3U311
NA,0.004070096,CV.Total.SURVEY_LU1_3U312
NA,  0,CV.Total.SURVEY_LU1_3U317
NA,  0,CV.Total.SURVEY_LU1_3U319
NA,  0,CV.Total.SURVEY_LU1_3U321
NA,0.02401446,CV.Total.SURVEY_LU1_3U330
NA,  0,CV.Total.SURVEY_LU1_3U341
NA,  0,CV.Total.SURVEY_LU1_3U350
NA,  0,CV.Total.SURVEY_LU1_3U361
NA,  0,CV.Total.SURVEY_LU1_3U362
0.000000000,0.003137024,CV.Total.SURVEY_LU1_3U370
NA,  0,CV.Total.SURVEY_LU1_3U414
NA,0.005984268,CV.Total.SURVEY_LU1_3U420
0.0133209155,0.0004437975,CV.Total.settlement0
0.000000000,0.001767493,CV.Total.settlement1
0.000000000,0.001767493,CV.Total.settl_pc
0.0080140324,0.0004628429,CV.Total.fao_class_name0
0.026708898,0.001319463,CV.Total.fao_class_name1
NA,0.03381472,CV.Total.fao_class_name2
NA,  0,CV.Total.fao_class_name3
0.0133209155,0.0003617096,CV.Total.lue0
0.000000000,0.001718069,CV.Total.lue1
0.0124905096,0.0003983927,CV.Total.lud0
NA,0.002890713,CV.Total.lud1
